{
  "src": [
    "drums.webm",
    "drums.mp3"
  ],
  "sprite": {
    "clap": [
      0,
      665.2154195011339
    ],
    "hat": [
      2000,
      664.6485260770976
    ],
    "kick": [
      4000,
      226.32653061224505
    ],
    "oh": [
      6000,
      375.53287981859376
    ],
    "rim": [
      8000,
      65.10204081632587
    ],
    "snare": [
      10000,
      145.51020408163316
    ]
  }
}